Hospital_ID,Samples_Evaluated,BCE_Loss,Mean_AUROC,Mean_AUPRC
hospital_05,11188,0.34361214617724756,0.7558100333614238,0.3454895297279175
hospital_06,11327,0.348468815203198,0.7569634778089888,0.3502974045871001
hospital_07,11326,0.34935581206264965,0.7557835381985836,0.35140194993538293
hospital_08,11559,0.35061441588405917,0.7461297848574777,0.34799250731865655
hospital_09,11542,0.3452445452887932,0.7556518222112212,0.3481635808314172
hospital_10,11320,0.35239502907641784,0.7518134447197596,0.342571731368521
Global_Mean (Weighted BCE Loss),N=6 (Total Samples: 68262),0.34828922669613227,0.7536920168595759,0.3476527839614992
