Hospital_ID,Samples_Evaluated,BCE_Loss,Mean_AUROC,Mean_AUPRC
hospital_05,11188,0.2963194941617695,0.7613118837690876,0.34828734260413385
hospital_06,11327,0.3015371032465038,0.7591672862538922,0.3511686041057905
hospital_07,11326,0.30147908053569905,0.7596782613935747,0.3542531396007213
hospital_08,11559,0.30353039701367157,0.7509110547513712,0.3498178769150416
hospital_09,11542,0.2984584166352535,0.7595065327254126,0.34880986511459017
hospital_10,11320,0.3036381555530292,0.7555212282380351,0.3439691333321856
Global_Mean (Weighted BCE Loss),N=6 (Total Samples: 68262),0.3008377158601824,0.757682707855229,0.3493843269454105
