Hospital_ID,Samples_Evaluated,BCE_Loss,Mean_AUROC,Mean_AUPRC
hospital_05,11188,0.3340847203038529,0.7070622462473828,0.3042358801139258
hospital_06,11327,0.3374528151524817,0.7095978588607486,0.308237884691275
hospital_07,11326,0.3367196562516275,0.7099772420953473,0.3123719311595458
hospital_08,11559,0.337708618151233,0.7075463092341552,0.31050057659996194
hospital_09,11542,0.33520754102796313,0.710841400989972,0.30512790789241245
hospital_10,11320,0.3373218823448087,0.7045652139785291,0.3068351451907773
Global_Mean (Weighted BCE Loss),N=6 (Total Samples: 68262),0.33642110952793186,0.7082650452343557,0.3078848876079831
