epoch,loss
1,0.23910684712842323
2,0.16792149147713095
3,0.12648358627032782
