epoch,loss
1,0.23860759963449435
2,0.1676316339666276
3,0.12355909767904338
