epoch,loss
1,0.3280104616293168
2,0.2896103470443197
3,0.26482704289271525
