epoch,loss
1,0.23887585889046983
2,0.16475435485103773
3,0.12404984077763227
