epoch,loss
1,0.27085841602604743
2,0.2273972937294895
3,0.17919565355487688
