epoch,loss
1,0.2939768349342868
2,0.2667851705839747
3,0.2343776112562871
