epoch,loss
1,0.26922562424137614
2,0.22524522701773564
3,0.17867215771045244
