epoch,loss
1,0.3257685048163728
2,0.28747088257251574
3,0.26355446128510956
