epoch,loss
1,0.2980339015666891
2,0.2699702134088614
3,0.23518420371191026
