epoch,loss
1,0.2727144372936669
2,0.2254731842711339
3,0.17720053345244133
