epoch,loss
1,0.2300657414432083
2,0.15867252152945313
3,0.12103431295071329
