epoch,loss
1,0.26323110546384537
2,0.2143996363239629
3,0.1676162500573056
