epoch,loss
1,0.23866147653759084
2,0.16766127434818429
3,0.12234453057452238
