Hospital_ID,Samples_Evaluated,BCE_Loss,Mean_AUROC,Mean_AUPRC
5,11110,0.28693720517021165,0.7733119062015074,0.35333799895104606
6,12191,0.29345261375181064,0.7699479816680691,0.35822540067761866
7,11536,0.29228725016695783,0.7726049044062308,0.35636350264254196
8,11764,0.2903822719523875,0.7723493693024427,0.3519340305847134
9,11556,0.2910682211990132,0.7678053489656674,0.35743806977638126
10,11521,0.28994943959210523,0.7752883135801409,0.35902901678030935
Global_Mean (Weighted BCE Loss),N=6 (Total Samples: 69678),0.29072774457618944,0.7718846373540097,0.35605466990210183
