Hospital_ID,Samples_Evaluated,BCE_Loss,Mean_AUROC,Mean_AUPRC
5,11110,0.3362739776567121,0.7158576459448381,0.28733344181068177
6,12191,0.3392369538416044,0.71362176685932,0.29210978164848234
7,11536,0.3405082754883786,0.7167153419832871,0.29110940901203936
8,11764,0.33710151212590767,0.7145205491844766,0.2867564888612205
9,11556,0.3382741227493273,0.7151604855331859,0.2943789914018952
10,11521,0.33779769424255623,0.7172531810686701,0.2969394537811119
Global_Mean (Weighted BCE Loss),N=6 (Total Samples: 69678),0.33821680083515454,0.7155214950956297,0.2914379277525718
