Hospital_ID,Samples_Evaluated,BCE_Loss,Mean_AUROC,Mean_AUPRC
5,11110,0.33239361337988793,0.722385611455553,0.29019857604207605
6,12191,0.33510610456590273,0.7206091495179628,0.29402076183402853
7,11536,0.3361136957941042,0.7234077818749497,0.2961514169447949
8,11764,0.33344451545534065,0.7203912870946495,0.289350727974925
9,11556,0.33456088979585064,0.7180571815463502,0.29389107870508174
10,11521,0.3339286084952076,0.7240998014112164,0.2968911253311274
Global_Mean (Weighted BCE Loss),N=6 (Total Samples: 69678),0.33427477225042374,0.7214918021501137,0.2934172811386722
