Hospital_ID,Samples_Evaluated,BCE_Loss,Mean_AUROC,Mean_AUPRC
5,11110,0.33769273455351134,0.7125261421813966,0.28501937997667776
6,12191,0.34053476213108336,0.7110761902520385,0.29257375547533837
7,11536,0.3415546053490923,0.7169251639505381,0.29047343315275204
8,11764,0.3385099852745811,0.7129078191051049,0.28863723728010143
9,11556,0.3397644946178213,0.7105933329268899,0.2919088366016088
10,11521,0.3391314183449375,0.7160199264447245,0.29159310810668254
Global_Mean (Weighted BCE Loss),N=6 (Total Samples: 69678),0.33954881785732105,0.7133414291434489,0.2900342917655268
