Hospital_ID,Samples_Evaluated,BCE_Loss,Mean_AUROC,Mean_AUPRC
5,11188,0.33252475377402646,0.6961673100011897,0.2920438718318584
6,11327,0.33597581510437735,0.7025860302991079,0.29850409690863133
7,11326,0.3355595113562544,0.6994647910829856,0.2976856978557679
8,11559,0.3365164702068987,0.6976167699726804,0.29883976278883523
9,11542,0.33330068868050605,0.6998686340337634,0.29780149551762086
10,11320,0.33628985536393347,0.6903747050806143,0.2908939882179819
Global_Mean (Weighted BCE Loss),N=6 (Total Samples: 68262),0.3350324282781591,0.697679706745057,0.295961485520116
