Hospital_ID,Samples_Evaluated,BCE_Loss,Mean_AUROC,Mean_AUPRC
5,11188,0.3143245098758775,0.7601200977838508,0.35004959762912613
6,11327,0.31732268332435243,0.7605714407793476,0.35349002788397405
7,11326,0.3192493501098758,0.7584860938158817,0.35478859259133866
8,11559,0.3206038539467803,0.7515887175393156,0.35162793377021967
9,11542,0.3150510967960392,0.7584164733543265,0.3506861964213886
10,11320,0.32102024190838685,0.7547335396623763,0.34716966970826857
Global_Mean (Weighted BCE Loss),N=6 (Total Samples: 68262),0.31793565432076953,0.7573193938225163,0.3513020030007193
