Hospital_ID,Samples_Evaluated,BCE_Loss,Mean_AUROC,Mean_AUPRC
5,11188,0.338371247841624,0.7624472638486101,0.35095692174774434
6,11327,0.3447203454545498,0.7609813526230599,0.35358775682379495
7,11326,0.34678972592081003,0.7579905045080523,0.35429719589638825
8,11559,0.34762153108852817,0.7520851512314579,0.352698045311703
9,11542,0.3410991849818318,0.7588430628762585,0.35067186479185725
10,11320,0.34868011082861533,0.7526475522807058,0.34617203532610213
Global_Mean (Weighted BCE Loss),N=6 (Total Samples: 68262),0.3445587330445547,0.7574991478946909,0.35139730331626495
