epoch,loss
1,0.2701674076037966
2,0.2248530925314609
3,0.17631247689508775
