epoch,loss
1,0.3311438579018269
2,0.3021927343129523
3,0.2831291513852179
