epoch,loss
1,0.32637314150681446
2,0.29253418972972844
3,0.2728539378102036
