epoch,loss
1,0.272055846847993
2,0.2259854006383159
3,0.1789551465061998
