epoch,loss
1,0.3251344856788527
2,0.29326983938565204
3,0.2734341980388172
