epoch,loss
1,0.3320546098195089
2,0.30345858817402166
3,0.2846993667049242
