epoch,loss
1,0.3336734402970344
2,0.3035468504178967
3,0.2850250272374404
