epoch,loss
1,0.3284354503239904
2,0.2896720621415547
3,0.2642154926487378
