epoch,loss
1,0.29973415613453025
2,0.2756729676937498
3,0.24702454775344448
