epoch,loss
1,0.33225864924576987
2,0.29238358778134405
3,0.26791768510183533
