epoch,loss
1,0.29103333752070154
2,0.2589357134699821
3,0.21824273839592934
