epoch,loss
1,0.3277765106180186
2,0.289330142888659
3,0.26425851524937227
