epoch,loss
1,0.33242038650922906
2,0.3024220104479224
3,0.28227482400190407
