epoch,loss
1,0.3269884787679749
2,0.2874896324300974
3,0.2637969383395365
