epoch,loss
1,0.3267166122794151
2,0.2907806534000805
3,0.2656720802826541
