epoch,loss
1,0.32728053115861866
2,0.2933582450214616
3,0.27133139012539803
