epoch,loss
1,0.29812651985457966
2,0.2708196771783488
3,0.23833580960120473
