epoch,loss
1,0.3319911553681519
2,0.30280126459857265
3,0.284254976684645
