epoch,loss
1,0.33288194789831166
2,0.3037406995951739
3,0.28511334091965873
