epoch,loss
1,0.32797310164834437
2,0.29470790458369545
3,0.2733734727327795
