epoch,loss
1,0.3255229465951986
2,0.29325256854029375
3,0.2739490417702551
