epoch,loss
1,0.2705789530277252
2,0.22304303345935686
3,0.1751399387099913
