epoch,loss
1,0.2979427093693188
2,0.27079085692763327
3,0.23727024374263628
