epoch,loss
1,0.3281132881338551
2,0.29319036614690847
3,0.272207475728051
