epoch,loss
1,0.33194484865273466
2,0.30263498033515107
3,0.2833722879383356
