epoch,loss
1,0.32982603311538694
2,0.29089712428195136
3,0.265083387196064
