epoch,loss
1,0.3001691442151872
2,0.272300855715474
3,0.23987357414988106
