epoch,loss
1,0.2969676665025338
2,0.26954093715171823
3,0.23688932542287341
