epoch,loss
1,0.32296508898387005
2,0.2930113545359069
3,0.2732270768258162
