epoch,loss
1,0.30789225556427674
2,0.2865828603918987
3,0.26015010362805285
