epoch,loss
1,0.3255446662287653
2,0.2929752841586714
3,0.2711190936208812
