epoch,loss
1,0.3356882729402978
2,0.3034413539624859
3,0.2851747066374513
