epoch,loss
1,0.32884469088577917
2,0.2935587164749189
3,0.27175783314601
