epoch,loss
1,0.33318309194482676
2,0.302574118671913
3,0.28428176442632713
