epoch,loss
1,0.3348537648504075
2,0.30474483010985876
3,0.28564350298459434
