epoch,loss
1,0.2976522381309246
2,0.27542148816076506
3,0.24762585963369482
