epoch,loss
1,0.32216259443534995
2,0.29278374043808436
3,0.2731061854807599
