epoch,loss
1,0.2974321157265375
2,0.2708160741159214
3,0.23803908326233614
