epoch,loss
1,0.30548621985851054
2,0.280279758859866
3,0.24991446292342837
