epoch,loss
1,0.26969227949466773
2,0.22537270474356386
3,0.17927614978996656
