epoch,loss
1,0.29485955754620335
2,0.2695439372178845
3,0.238675993875265
