epoch,loss
1,0.33508176765662895
2,0.30324250001816916
3,0.28400481680656653
