epoch,loss
1,0.3156301747694413
2,0.2961970211553622
3,0.27423338778839546
